{"config": {"view": {"continuousWidth": 400, "continuousHeight": 300}}, "hconcat": [{"mark": {"type": "circle", "opacity": 0.5, "size": 80}, "encoding": {"color": {"type": "nominal", "field": "Origin"}, "size": {"condition": {"value": 300, "test": "(datum.Horsepower < selector001.cutoff)"}, "value": 10}, "x": {"type": "quantitative", "field": "Horsepower"}, "y": {"type": "quantitative", "field": "Miles_per_Gallon"}}, "selection": {"selector001": {"type": "single", "bind": {"input": "range", "max": 230.0, "min": 46.0, "name": "cutoff", "step": 1}, "fields": ["cutoff"], "init": {"cutoff": 230.0}}}}, {"mark": {"type": "circle", "opacity": 0.5, "size": 80}, "encoding": {"color": {"type": "nominal", "field": "Origin"}, "size": {"condition": {"value": 100, "test": "(datum.Horsepower < selector001.cutoff)"}, "value": 10}, "x": {"type": "quantitative", "field": "Miles_per_Gallon"}, "y": {"type": "quantitative", "field": "Horsepower"}}, "selection": {"selector001": {"type": "single", "bind": {"input": "range", "max": 230.0, "min": 46.0, "name": "cutoff", "step": 1}, "fields": ["cutoff"], "init": {"cutoff": 230.0}}}}], "data": {"url": "https://vega.github.io/vega-datasets/data/cars.json"}, "$schema": "https://vega.github.io/schema/vega-lite/v4.0.2.json"}