{"config": {"view": {"continuousWidth": 400, "continuousHeight": 300}}, "data": {"url": "https://vega.github.io/vega-datasets/data/cars.json"}, "mark": {"type": "circle", "opacity": 0.5, "size": 80}, "encoding": {"color": {"condition": {"type": "nominal", "field": "Origin", "selection": "selector011"}, "value": "lightgray"}, "x": {"type": "quantitative", "field": "Horsepower"}, "y": {"type": "quantitative", "field": "Miles_per_Gallon"}}, "selection": {"selector011": {"type": "single", "fields": ["Origin"], "init": {"Origin": "Europe"}, "bind": {"input": "select", "options": ["Europe", "Japan", "USA"], "name": "Select Origin"}}}, "$schema": "https://vega.github.io/schema/vega-lite/v4.0.2.json"}